account_id,account_name,total_amt_usd,order_count
4211,EOG Resources,1531493.1999999995,248
4151,Mosaic,1382474.359999999,264
1301,IBM,1307277.9200000004,240
1871,General Dynamics,1202779.1600000001,264
4111,Republic Services,1175444.56,200
3411,Leucadia National,1164188.9999999995,284
2181,Arrow Electronics,1124073.44,268
1561,Sysco,1114302.5600000008,272
2591,Supervalu,1101153.200000001,272
1401,Archer Daniels Midland,1090691.3600000003,264
